{"cameraMode":{"drawMode":0,"name":"Shaded","section":"Shading Mode"},"sceneLighting":true,"audioPlay":false,"sceneViewState":{"showFog":true,"showMaterialUpdate":false,"showSkybox":true,"showFlares":true,"showImageEffects":true,"showParticleSystems":true},"in2DMode":false,"pivot":{"x":4.641989707946777,"y":-1.6262435913085938,"z":-2.3343210220336916},"rotation":{"x":-0.0663558840751648,"y":0.933175802230835,"z":-0.26461437344551089,"w":-0.23400858044624329},"size":10.0,"orthographic":false}